{
  "ACCURACY": {
    "no": 0.9375
  },
  "MAE": {
    "no": [
      3.4073199447916664,
      0.011727699999999786,
      24.2074137
    ]
  },
  "MRE": {
    "no": 0.1875
  },
  "RMSE": {
    "no": 6.062105587611171
  }
}